english,japanese,type,grade
egg,卵,noun,1
bag,カバン,noun,1
rose,バラ,noun,1
chair,いす,noun,1
bat,バット,noun,1
fish,魚,noun,1
notebook,ノート,noun,1
pencil,鉛筆,noun,1
dog,犬,noun,1
desk,机,noun,1
watch,腕時計,noun,1
mitt,ミット,noun,1
milk,牛乳,noun,1
flower,花,noun,1
door,ドア,noun,1
boat,ボート,noun,1
piano,ピアノ,noun,1
orange,オレンジ,noun,1
bird,鳥,noun,1
sheep,羊,noun,1
cup,カップ,noun,1
bus,バス,noun,1
apple,りんご,noun,1
fruit,果物,noun,1
car,自動車,noun,1
cake,ケーキ,noun,1
picture,絵，写真,noun,1
cat,猫,noun,1
stamp,切手,noun,1
plane,飛行機,noun,1
book,本,noun,1
racket,ラケット,noun,1
glass,コップ，ガラス,noun,1
bed,ベッド,noun,1
letter,手紙,noun,1
tape,テープ,noun,1
cap,帽子,noun,1
mail,郵便,noun,1
box,箱,noun,1
bread,パン,noun,1
doll,人形,noun,1
table,テーブル,noun,1
tree,木,noun,1
pen,ペン,noun,1
map,地図,noun,1
cow,雌牛,noun,1
pot,ポット,noun,1
camera,カメラ,noun,1
hand,手,noun,1
lemon,レモン,noun,1
yard,中庭,noun,1
bank,銀行，土手,noun,1
library,図書館,noun,1
hospital,病院,noun,1
hotel,ホテル,noun,1
village,村,noun,1
kitchen,台所,noun,1
wall,壁,noun,1
park,公園,noun,1
girl,少女,noun,1
father,父,noun,1
doctor,医者,noun,1
pilot,パイロット,noun,1
man,男の人,noun,1
cook,料理人,noun,1
sister,姉妹,noun,1
mother,母,noun,1
city,市，都会,noun,1
window,窓,noun,1
church,教会,noun,1
school,学校,noun,1
country,国，いなか，地方,noun,1
office,事務所,noun,1
garden,庭,noun,1
town,町,noun,1
brother,兄弟,noun,1
woman,女性,noun,1
citizen,市民,noun,1
parent,親,noun,1
student,学生,noun,1
clerk,店員,noun,1
family,家族,noun,1
teacher,先生,noun,1
player,選手，演奏者,noun,1
floor,床，階,noun,1
store,店,noun,1
station,駅,noun,1
house,家,noun,1
field,野原，競技場,noun,1
Japan,日本,noun,1
gate,門,noun,1
room,部屋,noun,1
aunt,おば,noun,1
boy,少年,noun,1
son,息子,noun,1
nurse,看護婦,noun,1
friend,友人,noun,1
uncle,おじ,noun,1
singer,歌手,noun,1
daughter,娘,noun,1
evening,晩,noun,1
morning,朝,noun,1
night,夜,noun,1
noon,正午,noun,1
tomorrow,明日,noun,1
time,時，～回,noun,1
afternoon,午後,noun,1
diary,日記,noun,1
meal,食事,noun,1
breakfast,朝食,noun,1
lunch,昼食,noun,1
dinner,夕食,noun,1
supper,夕食,noun,1
walk,散歩,noun,1
work,仕事，作品,noun,1
basketball,バスケットボール,noun,1
baseball,野球,noun,1
tennis,テニス,noun,1
homework,宿題,noun,1
season,季節,noun,1
spring,春,noun,1
summer,夏,noun,1
autumn,秋,noun,1
fall,秋,noun,1
winter,冬,noun,1
minute,分，ちょっとの間,noun,1
week,週,noun,1
month,月,noun,1
year,年,noun,1
hour,時間,noun,1
day,日,noun,1
January,１月,noun,1
February,２月,noun,1
March,３月,noun,1
April,４月,noun,1
May,５月,noun,1
June,６月,noun,1
July,７月,noun,1
August,８月,noun,1
September,９月,noun,1
October,１０月,noun,1
November,１１月,noun,1
December,１２月,noun,1
Sunday,日曜日,noun,1
Monday,月曜日,noun,1
Tuesday,火曜日,noun,1
Wednesday,水曜日,noun,1
Thursday,木曜日,noun,1
Friday,金曜日,noun,1
Saturday,土曜日,noun,1
like,好む,verb,1
look,見る，～に見える,verb,1
read,読む,verb,1
drink,飲む,verb,1
walk,歩く,verb,1
wash,洗う,verb,1
run,走る,verb,1
stop,止める，止まる,verb,1
have,持っている，食べる,verb,1
wait,待つ,verb,1
collect,集める,verb,1
send,送る,verb,1
come,来る,verb,1
want,欲しい,verb,1
do,する,verb,1
make,作る，～を～にする,verb,1
ride,乗る,verb,1
enjoy,楽しむ,verb,1
play,遊ぶ，(スポーツを)をする，演奏する,verb,1
sing,歌う,verb,1
speak,話す,verb,1
cook,料理する,verb,1
swim,泳ぐ,verb,1
write,書く，手紙を書く,verb,1
catch,捕まえる，(列車に)間に合う,verb,1
open,開ける,verb,1
move,動く，感動させる,verb,1
help,助ける,verb,1
buy,買う,verb,1
leave,去る，残す，置いて行く,verb,1
meet,会う,verb,1
live,住む，生きる,verb,1
work,働く,verb,1
go,行く,verb,1
know,知っている,verb,1
study,勉強する,verb,1
eat,食べる,verb,1
learn,学ぶ，覚える,verb,1
stand,立つ,verb,1
dance,踊る,verb,1
sell,売る,verb,1
arrive,到着する,verb,1
get,得る，着く，乗る,verb,1
put,置く,verb,1
stay,滞在する,verb,1
try,試す,verb,1
give,与える，(会などを)開く,verb,1
use,使う,verb,1
visit,訪問する,verb,1
need,必要とする,verb,1
sad,悲しい,verb,1
high,高い,verb,1
slow,遅い,verb,1
nice,すばらしい,verb,1
these,これらの,verb,1
all,すべての,verb,1
that,あの,verb,1
red,赤い,verb,1
green,緑の,verb,1
strong,強い，じょうぶな,verb,1
big,大きい,verb,1
fine,すばらしい，元気な，晴れた,verb,1
happy,幸福な，楽しい,adjective,1
busy,忙しい,adjective,1
sorry,残念な,adjective,1
honest,正直な,adjective,1
poor,貧乏な，かわいそうな，不十分な,adjective,1
later,後で,adjective,1
soon,すぐに,adjective,1
yesterday,昨日,adjective,1
o'clock,～時,adjective,1
already,すでに,adjective,1
up,上へ,adjective,1
there,そこに,adjective,1
well,よく，じょうずに,adjective,1
so,そんなに,adjective,1
slowly,ゆっくりと,adjective,1
yet,まだ(～でない),adjective,1
why,なぜ,adjective,1
best,一番良い,adjective,1
bad,悪い,adjective,1
clean,きれいな,adjective,1
fast,速い,adjective,1
large,大きい，広い,adjective,1
easy,やさしい，気楽に,adjective,1
tall,背の高い,adjective,1
some,いくつかの,adjective,1
early,早い,adjective,1
this,この,adjective,1
those,あれらの,adjective,1
warm,温暖な,adjective,1
cool,涼しい,adjective,1
new,新しい,adjective,1
short,短い，背が低い,adjective,1
little,小さい，幼い，ちょっとした,adjective,1
dark,暗い，黒い,adjective,1
old,年をとった，古い,adjective,1
careful,注意深い,adjective,1
junior,年下の，下級の,adjective,1
hungry,空腹の,adjective,1
ill,病気の,adjective,1
usually,ふつう,adjective,1
today,今日，現在,adjective,1
fast,速く,adjective,1
now,今,adjective,1
ago,前,adjective,1
where,どこに,adjective,1
home,家を(へ),adjective,1
much,ずっと，たいへん,adjective,1
yes,はい,adjective,1
also,もまた,adjective,1
not,～でない,adjective,1
together,一緒に,adjective,1
sick,病気で(の),adjective,1
kind,親切な,adjective,1
glad,うれしい,adjective,1
good,良い,adjective,1
young,若い,adjective,1
sometimes,時々,adjective,1
often,しばしば,adjective,1
early,早く,adjective,1
always,いつも,adjective,1
again,再び,adjective,1
far,遠くに，はるかに,adjective,1
here,ここに,adjective,1
very,非常に,adjective,1
how,どのくらい,adjective,1
too,～もまた，～すぎる,adjective,1
no,いいえ,adjective,1
beautiful,美しい,adjective,1
next,次の，隣の,adjective,1
long,長い,adjective,1
rich,金持ちの，豊かな,adjective,1
able,できる，有能な,adjective,1
hot,暑い,adjective,1
small,小さな,adjective,1
white,白い,adjective,1
black,黒い,adjective,1
TRUE,ほんとうの,adjective,1
much,多量の,adjective,1
every,毎～,adjective,1
many,多くの,adjective,1
cold,冷たい，寒い,adjective,1
famous,有名な,adjective,1
blue,青い,adjective,1
one,1,other,1
two,2,other,1
three,3,other,1
four,4,other,1
five,5,other,1
six,6,other,1
seven,7,other,1
eight,8,other,1
nine,9,other,1
ten,10,other,1
eleven,11,other,1
twelve,12,other,1
thirteen,13,other,1
fourteen,14,other,1
fifteen,15,other,1
sixteen,16,other,1
seventeen,17,other,1
eighteen,18,other,1
nineteen,19,other,1
twenty,20,other,1
thirty,30,other,1
forty,40,other,1
fifty,50,other,1
sixty,60,other,1
seventy,70,other,1
eighty,80,other,1
ninety,90,other,1
present,プレゼント,noun,1
way,道，方法,noun,1
west,西,noun,1
chance,機会,noun,1
age,年齢，時代,noun,1
right,右，権利,noun,1
half,半分,noun,1
north,北,noun,1
class,学級，授業,noun,1
danger,危険,noun,1
lot,たくさん,noun,1
south,南,noun,1
subject,科目，題目,noun,1
east,東,noun,1
number,数,noun,1
color,色,noun,1
line,線，列,noun,1
place,場所,noun,1
meter,メートル,noun,1
thing,こと・物,noun,1
name,名前,noun,1
science,科学,noun,1
left,左,noun,1
I,私は(が),pronoun,1
my,私の,pronoun,1
me,私を,pronoun,1
mine,私のもの,pronoun,1
you,あなたに(を)，あなたがたを,pronoun,1
your,あなたの，あなたがたの,pronoun,1
you,あなたは，あなたがたは,pronoun,1
yours,あなたのもの，あなたがたのもの,pronoun,1
he,彼は,pronoun,1
his,彼の,pronoun,1
him,彼を(に),pronoun,1
his,彼のもの,pronoun,1
she,彼女は,pronoun,1
her,彼女の,pronoun,1
her,彼女を（に）,pronoun,1
hers,彼女のもの,pronoun,1
it,それは,pronoun,1
its,それの,pronoun,1
it,それを(に),pronoun,1
we,私たちは,pronoun,1
our,私たちの,pronoun,1
us,私たちを(に),pronoun,1
ours,私たちのもの,pronoun,1
they,それらは，彼(女)らは,pronoun,1
their,彼(女)らの,pronoun,1
them,彼(女)らを(に),pronoun,1
theirs,彼(女)らのもの,pronoun,1
myself,私自身を,pronoun,1
yourself,あなた自身,pronoun,1
himself,彼自身,pronoun,1
herself,彼女自身,pronoun,1
itself,それ自身,pronoun,1
ourselves,私たち自身を,pronoun,1
themselves,彼(女)ら自身,pronoun,1
this,これは,pronoun,1
that,あれは,pronoun,1
these,これらは,pronoun,1
those,あれらは,pronoun,1
everyone,みんな,pronoun,1
someone,だれか,pronoun,1
nobody,だれも～ない,pronoun,1
none,何も(だれも)～ない,pronoun,1
everything,すべてのもの,pronoun,1
everybody,だれでもみな,pronoun,1
nothing,何も～ない,pronoun,1
both,両方,pronoun,1
all,みんな,pronoun,1
most,ほとんど,pronoun,1
who,だれ,pronoun,1
what,何,pronoun,1
which,どちら,pronoun,1
whose,だれの(もの),pronoun,1
something,何か,pronoun,1
face,顔,noun,2
clock,置き時計,noun,2
lion,ライオン,noun,2
foot,足,noun,2
gun,鉄砲,noun,2
hair,髪,noun,2
dictionary,辞書,noun,2
computer,コンピュータ,noun,2
radio,ラジオ,noun,2
baby,赤ん坊,noun,2
coin,硬貨,noun,2
knife,ナイフ,noun,2
arm,腕,noun,2
album,アルバム,noun,2
ship,船,noun,2
shoe,靴,noun,2
card,カード,noun,2
record,レコード,noun,2
glove,グローブ,noun,2
animal,動物,noun,2
hat,帽子,noun,2
pocket,ポケット,noun,2
mouth,口,noun,2
head,頭，先頭,noun,2
coat,コート,noun,2
rice,ご飯,noun,2
nose,鼻,noun,2
finger,指,noun,2
meat,肉,noun,2
shirt,シャツ,noun,2
bench,ベンチ,noun,2
eye,目,noun,2
leg,脚,noun,2
bath,風呂,noun,2
train,列車,noun,2
bicycle,自転車,noun,2
ball,ボール,noun,2
building,建物,noun,2
mouse,はつかねずみ,noun,2
child,子供,noun,2
chicken,ニワトリ,noun,2
leaf,葉,noun,2
money,お金,noun,2
coffee,コーヒー,noun,2
dish,皿，料理,noun,2
paper,紙，レポート,noun,2
ear,耳,noun,2
bridge,橋,noun,2
newspaper,新聞,noun,2
body,身体,noun,2
farm,農場,noun,2
market,市場,noun,2
college,大学,noun,2
top,頂上,noun,2
shop,店,noun,2
corner,かど,noun,2
center,中央,noun,2
people,人々,noun,2
life,生活，生命，人生,noun,2
word,言葉,noun,2
English,英語,noun,2
voice,声,noun,2
moon,月,noun,2
sky,空,noun,2
sea,海,noun,2
cloud,雲,noun,2
wind,風,noun,2
airport,空港,noun,2
ground,地面,noun,2
classroom,教室,noun,2
museum,博物館,noun,2
factory,工場,noun,2
land,陸地，土地,noun,2
member,会員,noun,2
last,最後,noun,2
question,質問,noun,2
story,話,noun,2
heart,心,noun,2
sport,スポーツ,noun,2
water,水,noun,2
sun,太陽,noun,2
tea,お茶,noun,2
star,星，スター,noun,2
street,通り,noun,2
America,アメリカ,noun,2
road,道,noun,2
island,島,noun,2
earth,地球，大地,noun,2
hill,丘,noun,2
wife,妻,noun,2
club,クラブ,noun,2
game,試合,noun,2
music,音楽,noun,2
hobby,趣味,noun,2
news,ニュース,noun,2
river,川,noun,2
light,光，明かり，信号,noun,2
lake,湖,noun,2
stone,石,noun,2
hundred,百,noun,2
guitar,ギター,noun,2
potato,じゃがいも,noun,2
belt,ベルト,noun,2
vegetable,野菜,noun,2
song,歌,noun,2
fun,楽しみ,noun,2
soccer,サッカー,noun,2
speech,演説,noun,2
business,商売,noun,2
health,健康,noun,2
idea,考え,noun,2
advice,忠告,noun,2
mistake,誤り,noun,2
feeling,感覚,noun,2
camp,キャンプ,noun,2
party,パーティー,noun,2
million,１００万,noun,2
tooth,歯,noun,2
TV,テレビ,noun,2
duck,あひる,noun,2
magazine,雑誌,noun,2
show,ショー,noun,2
trip,旅行,noun,2
travel,旅行,noun,2
police,警察,noun,2
success,成功,noun,2
peace,平和,noun,2
rock,ロック,noun,2
vacation,休暇,noun,2
dream,夢,noun,2
love,愛，愛する人,noun,2
picnic,ピクニック,noun,2
lesson,授業，課,noun,2
thousand,千,noun,2
photo,写真,noun,2
textbook,教科書,noun,2
video,ビデオ,noun,2
horse,馬,noun,2
war,戦争,noun,2
lie,嘘,noun,2
contest,コンテスト,noun,2
culture,文化,noun,2
job,仕事,noun,2
homeroom,ホームルーム,noun,2
smile,ほお笑み,noun,2
happiness,幸福,noun,2
football,フットボール,noun,2
hope,希望,noun,2
test,試験,noun,2
plan,計画,noun,2
capital,首都,noun,2
roof,屋根,noun,2
holiday,休日,noun,2
Christmas,クリスマス,noun,2
air,空気,noun,2
wood,木材,noun,2
cloth,布,noun,2
oil,油,noun,2
sound,音,noun,2
piece,断片,noun,2
circle,円,noun,2
program,番組,noun,2
dollar,ドル,noun,2
post,郵便,noun,2
noise,物音,noun,2
law,法律,noun,2
front,前,noun,2
port,港,noun,2
lady,婦人,noun,2
date,日付,noun,2
pond,池,noun,2
salt,塩,noun,2
gold,金,noun,2
ice,氷,noun,2
nature,自然,noun,2
planet,惑星,noun,2
part,部分,noun,2
food,食べ物,noun,2
seat,座席,noun,2
art,美術，芸術,noun,2
inside,内側,noun,2
math,数学,noun,2
mile,マイル,noun,2
kind,種類,noun,2
space,宇宙,noun,2
future,未来,noun,2
birthday,誕生日,noun,2
snow,雪,noun,2
rain,雨,noun,2
mountain,山,noun,2
grass,草,noun,2
sugar,砂糖,noun,2
fire,火,noun,2
gift,贈り物,noun,2
pet,ペット,noun,2
home,故郷，家,noun,2
language,言語,noun,2
example,例,noun,2
history,歴史,noun,2
side,側面,noun,2
fork,フォーク,noun,2
pie,パイ,noun,2
overcoat,オーバー,noun,2
mirror,鏡,noun,2
locker,ロッカー,noun,2
pants,ズボン,noun,2
chalk,チョーク,noun,2
key,鍵,noun,2
candy,キャンディー,noun,2
beer,ビール,noun,2
beef,牛肉,noun,2
medicine,薬,noun,2
phone,電話,noun,2
fool,馬鹿,noun,2
guest,客,noun,2
grandmother,祖母,noun,2
team,チーム,noun,2
eraser,消しゴム,noun,2
elevator,エレベーター,noun,2
rat,ネズミ,noun,2
bell,ベル,noun,2
rabbit,ウサギ,noun,2
butter,バター,noun,2
chain,くさり,noun,2
candle,ろうそく,noun,2
pork,ブタ肉,noun,2
neck,首,noun,2
peanut,ピーナッツ,noun,2
medal,メダル,noun,2
nest,巣,noun,2
grandfather,祖父,noun,2
fan,ファン,noun,2
person,人,noun,2
group,グループ,noun,2
machine,機械,noun,2
skirt,スカート,noun,2
ring,指輪,noun,2
band,バンド,noun,2
monkey,サル,noun,2
bar,棒，横木,noun,2
passport,パスポート,noun,2
shoulder,肩,noun,2
pig,ブタ,noun,2
clothes,服,noun,2
bear,クマ,noun,2
carpet,じゅうたん,noun,2
farmer,農場主,noun,2
sailor,船員,noun,2
gentleman,紳士,noun,2
king,王様,noun,2
find,見つける，～とわかる,adjective,2
decide,決心する,adjective,2
seem,～のように思われる,adjective,2
forget,忘れる,adjective,2
plan,計画する,adjective,2
see,見る，わかる，調査する,adjective,2
think,考える,adjective,2
believe,信じる,adjective,2
grow,成長する，になる，増加する，育てる，栽培する,adjective,2
talk,話す,adjective,2
fly,飛行機で行く，飛ぶ,adjective,2
hold,握る，開催する，差し出す,adjective,2
sleep,眠る,adjective,2
laugh,笑う,adjective,2
say,言う,adjective,2
hunt,狩りをする,adjective,2
wear,着る,adjective,2
watch,見る,adjective,2
care,気にする,adjective,2
understand,理解する,adjective,2
thank,感謝する,adjective,2
remember,思い出す，覚えている,adjective,2
listen,聴く,adjective,2
excuse,許す,adjective,2
love,愛する,adjective,2
draw,描く，引く,adjective,2
drive,運転する,adjective,2
ask,たずねる，頼む,adjective,2
clean,掃除する,adjective,2
climb,登る,adjective,2
call,電話をかける,adjective,2
wake,目が覚める,adjective,2
push,押す,adjective,2
cry,泣く,adjective,2
hear,聞く,adjective,2
hope,望む,adjective,2
discover,発見する,adjective,2
feel,感じる,adjective,2
worry,悩ませる,adjective,2
imagine,想像する,adjective,2
wish,望む,adjective,2
dislike,嫌う,adjective,2
teach,教える,adjective,2
shout,叫ぶ,adjective,2
sit,座る,adjective,2
throw,投げる,adjective,2
show,見せる,adjective,2
tell,教える，語る,adjective,2
enter,入る,adjective,2
answer,答える,adjective,2
dress,着る,adjective,2
sail,(船を)走らせる,adjective,2
happen,起こる,adjective,2
keep,保つ，～を(持ち)続ける,adjective,2
strike,打つ,adjective,2
name,名づける,adjective,2
fail,失敗する,adjective,2
rest,休息する,adjective,2
ski,スキーをする,adjective,2
join,参加する,adjective,2
win,勝つ,adjective,2
hurry,急ぐ,adjective,2
rise,起き上がる，のぼる,adjective,2
fall,落ちる,adjective,2
take,(時間が)かかる，連れて行く，持っていく，取る,adjective,2
end,終わる,adjective,2
begin,始まる(める),adjective,2
die,死ぬ,adjective,2
pay,支払う,adjective,2
paint,描く，(～に)ペンキを塗る,adjective,2
lend,貸す,adjective,2
kill,殺す,adjective,2
close,閉じる,adjective,2
start,出発する，～を始める,adjective,2
pick,選ぶ，摘む,adjective,2
turn,曲がる，回る，変化する,adjective,2
invite,招待する,adjective,2
build,建てる,adjective,2
practice,練習する,adjective,2
jump,跳ぶ,adjective,2
dry,乾く,adjective,2
mean,意味する,adjective,2
add,加える,adjective,2
pass,過ぎる，合格する，手渡す,adjective,2
test,試みる,adjective,2
carry,運ぶ,adjective,2
lose,失う，負ける,adjective,2
cut,切る,adjective,2
borrow,借りる,adjective,2
shop,買い物をする,adjective,2
advise,忠告する，助言する,adjective,2
skate,スケートをする,adjective,2
bring,持って来る,adjective,2
spend,費やす，過ごす,adjective,2
finish,終える,adjective,2
set,置く,adjective,2
change,変わる,adjective,2
shine,光る，輝く,adjective,2
rain,雨が降る,adjective,2
become,～になる,adjective,2
clever,利口な,adjective,2
angry,怒って,adjective,2
dear,親愛なる,adjective,2
strange,奇妙な,adjective,2
last,この前の，最後の,adjective,2
other,ほかの,adjective,2
absent,欠席の,adjective,2
ready,用意できている,adjective,2
right,正しい，右に,adjective,2
full,いっぱいの,adjective,2
weak,弱い,adjective,2
brown,茶色の,adjective,2
special,特別の,adjective,2
rainy,雨降りの,adjective,2
such,そのような,adjective,2
past,過去の,adjective,2
quiet,静かな,adjective,2
loud,(声の)大きい,adjective,2
free,自由な，ひまな,adjective,2
wonderful,すばらしい,adjective,2
useful,役に立つ,adjective,2
light,薄い,adjective,2
difficult,むずかしい,adjective,2
popular,人気のある,adjective,2
human,人間の,adjective,2
welcome,ようこそ,adjective,2
own,自分の,adjective,2
bright,明るい,adjective,2
deep,深い,adjective,2
different,違った,adjective,2
same,同じ,adjective,2
low,低い,adjective,2
main,主な,adjective,2
interesting,おもしろい,adjective,2
tired,疲れて,adjective,2
foolish,愚かな,adjective,2
well,健康な,adjective,2
usual,通常の,adjective,2
afraid,恐れて,adjective,2
each,おのおのの,adjective,2
lucky,好運な,adjective,2
few,(aをつけ)少数の,adjective,2
cloudy,曇った,adjective,2
sure,確信して,adjective,2
enough,十分な,adjective,2
American,アメリカの,adjective,2
wide,幅が広い,adjective,2
important,重要な,adjective,2
great,すばらしい，広大な,adjective,2
yellow,黄色の,adjective,2
wine,ワイン,noun,3
arrow,矢,noun,3
branch,枝,noun,3
taxi,タクシー,noun,3
grape,ブドウ,noun,3
snake,蛇,noun,3
statue,像,noun,3
brush,筆,noun,3
palace,宮殿,noun,3
London,ロンドン,noun,3
zoo,動物園,noun,3
entrance,入り口，入学,noun,3
gym,体育館,noun,3
tower,塔,noun,3
Europe,ヨーロッパ,noun,3
host,主人,noun,3
dad,お父ちゃん,noun,3
elephant,象,noun,3
soup,スープ,noun,3
tie,ネクタイ,noun,3
fox,キツネ,noun,3
jeans,ジーンズ,noun,3
jam,ジャム，混雑,noun,3
suit,スーツ,noun,3
ticket,切符,noun,3
Canada,カナダ,noun,3
fence,塀,noun,3
England,イングランド,noun,3
Asia,アジア,noun,3
hall,玄関の広間，ろうか,noun,3
forest,森林,noun,3
mom,おかあちゃん,noun,3
engineer,エンジニア,noun,3
policeman,警官,noun,3
toy,おもちゃ,noun,3
umbrella,かさ,noun,3
frog,カエル,noun,3
bottle,びん,noun,3
ink,インク,noun,3
sofa,ソファー,noun,3
bomb,爆弾,noun,3
China,中国,noun,3
desert,砂漠,noun,3
Australia,オーストラリア,noun,3
beach,砂浜,noun,3
theater,劇場,noun,3
tent,テント,noun,3
restaurant,レストラン,noun,3
stranger,見知らぬ人,noun,3
driver,運転手,noun,3
enemy,敵,noun,3
husband,夫,noun,3
scientist,科学者,noun,3
bathroom,浴室,noun,3
runner,ランナー,noun,3
artist,芸術家,noun,3
visitor,訪問者,noun,3
cousin,いとこ,noun,3
sunset,日没,noun,3
trade,貿易,noun,3
match,試合,noun,3
death,死,noun,3
habit,習慣,noun,3
joy,喜び,noun,3
blood,血,noun,3
luck,運,noun,3
fishing,魚釣り,noun,3
president,大統領,noun,3
merchant,商人,noun,3
barber,床屋,noun,3
army,陸軍,noun,3
painter,画家,noun,3
reporter,レポーター,noun,3
God,神,noun,3
century,世紀,noun,3
goal,得点，ゴール,noun,3
training,トレイニング,noun,3
disease,病気,noun,3
tour,小旅行,noun,3
exam,試験,noun,3
flight,飛行,noun,3
film,映画,noun,3
mind,精神,noun,3
pain,痛み,noun,3
crowd,群衆,noun,3
guide,案内人,noun,3
queen,女王,noun,3
pal,友だち,noun,3
captain,船長,noun,3
neighbor,隣人,noun,3
prince,王子,noun,3
midnight,真夜中,noun,3
play,劇,noun,3
tear,涙,noun,3
concert,コンサート,noun,3
action,行動,noun,3
festival,祭り,noun,3
pop,ポピュラー音楽,noun,3
thought,考え,noun,3
promise,約束,noun,3
accident,事故,noun,3
custom,習慣,noun,3
waste,浪費,noun,3
use,使用,noun,3
reply,返事,noun,3
race,競走，人種,noun,3
stay,滞在,noun,3
valley,谷,noun,3
silver,銀,noun,3
heaven,天,noun,3
ocean,大洋,noun,3
soil,土,noun,3
billion,１０億,noun,3
couple,一対,noun,3
area,地域,noun,3
calendar,カレンダー,noun,3
signal,信号,noun,3
discussion,討論,noun,3
sign,合図，標識,noun,3
volleyball,バレーボール,noun,3
answer,答え,noun,3
stop,停留所,noun,3
courage,勇気,noun,3
iron,鉄,noun,3
universe,宇宙,noun,3
silk,絹,noun,3
wave,波,noun,3
root,根,noun,3
smoke,煙,noun,3
course,進路,noun,3
shade,陰,noun,3
prize,賞,noun,3
list,リスト,noun,3
page,ページ,noun,3
report,報告,noun,3
step,足元，階段,noun,3
secret,秘密,noun,3
quiz,クイズ,noun,3
care,世話，管理,noun,3
rush,殺到,noun,3
plant,植物,noun,3
gas,ガス,noun,3
climate,気候,noun,3
jewel,宝石,noun,3
rainbow,虹,noun,3
weather,天気,noun,3
model,模型,noun,3
point,点,noun,3
railway,鉄道,noun,3
mark,印,noun,3
bowl,鉢,noun,3
lip,くちびる,noun,3
net,網,noun,3
melon,メロン,noun,3
poem,詩,noun,3
menu,メニュー,noun,3
gram,グラム,noun,3
cent,セント,noun,3
address,住所,noun,3
damage,被害,noun,3
sort,種類,noun,3
reason,理由，原因,noun,3
kilometer,キロメートル,noun,3
middle,中央,noun,3
shock,ショック,noun,3
centimeter,センチメートル,noun,3
zone,地帯,noun,3
toast,トースト,noun,3
curtain,カーテン,noun,3
juice,ジュース,noun,3
honey,蜂蜜,noun,3
goods,商品,noun,3
sense,感じ,noun,3
type,型,noun,3
symbol,象徴,noun,3
energy,エネルギー,noun,3
position,位置，地位,noun,3
gray,灰色,noun,3
bit,少し,noun,3
matter,問題，困ったこと,noun,3
power,力,noun,3
sentence,文,noun,3
yen,円,noun,3
grade,評点，等級,noun,3
plate,皿,noun,3
cheese,チーズ,noun,3
can,カン,noun,3
treasure,宝物,noun,3
hole,穴,noun,3
price,価格,noun,3
problem,問題,noun,3
fact,事実,noun,3
beauty,美,noun,3
pair,一組,noun,3
percent,パーセント,noun,3
case,場合，容器,noun,3
spelling,綴り,noun,3
meaning,意味,noun,3
square,正方形,noun,3
youth,若さ,noun,3
order,注文する,verb,3
wonder,不思議に思う,verb,3
smell,においがする,verb,3
kiss,キスをする,verb,3
cross,横切る,verb,3
select,選ぶ,verb,3
awake,目が覚める,verb,3
fill,いっぱいにする,verb,3
print,印刷する,verb,3
succeed,成功する,verb,3
receive,受け取る,verb,3
date,デートする,verb,3
raise,(手などを)あげる，持ち上げる，育てる,verb,3
exercise,練習する,verb,3
return,帰る,verb,3
destroy,破壊する,verb,3
belong,ものである,verb,3
realize,理解する，実現する,verb,3
sound,(～のように)聞こえる,verb,3
invent,発明する,verb,3
solve,解決する,verb,3
hurt,傷つける,verb,3
knock,ノックする,verb,3
touch,触れる，感動する,verb,3
miss,間違う，いなくてさみしく思う,verb,3
reach,着く，届く,verb,3
hand,手渡す,verb,3
choose,選ぶ,verb,3
share,分け合う,verb,3
copy,模写する,verb,3
boil,ゆでる，煮る,verb,3
train,訓練する,verb,3
cover,おおう,verb,3
break,壊れる，破る,verb,3
please,気に入る，喜ばせる,verb,3
explain,説明する,verb,3
bake,オーブンで焼く,verb,3
discuss,話し合う,verb,3
lie,横たわる，～にある,verb,3
shake,震える,verb,3
save,救う，とっておく，節約する,verb,3
hit,打つ,verb,3
mix,混ぜる,verb,3
blow,吹く,verb,3
shoot,撃つ,verb,3
fight,戦う,verb,3
introduce,紹介する，初めて伝える,verb,3
row,こぐ,verb,3
drop,落とす,verb,3
marry,結婚する,verb,3
interested,興味のある,adjective,3
ashamed,恥じて,adjective,3
blind,目の見えない,adjective,3
gentle,やさしい,adjective,3
pleased,喜んで,adjective,3
monthly,月刊,adjective,3
open,開いている,adjective,3
flat,平らな,adjective,3
musical,音楽の,adjective,3
noisy,騒がしい,adjective,3
holy,神聖な,adjective,3
lonely,淋しい，ひとりの,adjective,3
merry,陽気な,adjective,3
living,生きている,adjective,3
personal,個人の,adjective,3
necessary,必要な,adjective,3
wild,荒々しい，野生の,adjective,3
outside,外側の,adjective,3
fresh,新鮮な,adjective,3
healthy,健康な,adjective,3
lovely,美しい,adjective,3
dumb,口のきけない,adjective,3
modern,現代的な,adjective,3
peaceful,平和な,adjective,3
raw,生の,adjective,3
international,国際的な,adjective,3
back,裏の，後ろの,adjective,3
natural,自然の,adjective,3
lost,道に迷った。,adjective,3
quick,速い,adjective,3
first,1番目の,other,3
second,2番目の,other,3
third,3番目の,other,3
forth,4番目の,other,3
fifth,5番目の,other,3
sixth,6番目の,other,3
seventh,7番目の,other,3
eighth,8番目の,other,3
ninth,9番目の,other,3
tenth,10番目の,other,3
eleventh,11番目の,other,3
twelfth,１２番目の,other,3
thirteenth,１３番目の,other,3
fourteenth,１４番目の,other,3
fifteenth,１５番目の,other,3
sixteenth,１６番目の,other,3
seventeenth,１７番目の,other,3
eighteenth,１８番目の,other,3
nineteenth,１９番目の,other,3
twentieth,２０番目の,other,3
thirtieth,３０番目の,other,3
unhappy,不幸な,other,3
lazy,怠け者の,other,3
brave,勇敢な,other,3
pale,青ざめた,other,3
simple,簡単な，質素な,other,3
daily,毎日の,other,3
exciting,興奮させる,other,3
senior,年上の，上級の,other,3
safe,安全な,other,3
national,国家の，国民の,other,3
Chinese,中国の，中国人の,other,3
another,ほかの，もうひとつの,other,3
than,よりも,other,3
while,～する間,other,3
but,しかし,other,3
when,～するとき,other,3
during,～の間，～を通じて,other,3
excited,興奮した,other,3
fat,太った,other,3
funny,おかしな,other,3
cute,可愛い,other,3
sleepy,眠い,other,3
delicious,おいしい,other,3
calm,落ちついた,other,3
tiny,小さな,other,3
final,最後の,other,3
central,中心の,other,3
wet,濡れている,other,3
common,共通の,other,3
because,なぜなら,other,3
and,～と,other,3
however,しかし,other,3
hello,こんにちわ,other,3
after,～の後で,other,3
crazy,気の狂った,other,3
fond,好きで,other,3
friendly,好意的な,other,3
silent,静かな,other,3
close,接近した,other,3
real,ほんとうの,other,3
certain,ある,other,3
wrong,間違った，ぐあいが悪い,other,3
weekly,週刊,other,3
snowy,雪の降る,other,3
whole,すべての,other,3
if,もし,other,3
although,であるけれど,other,3
though,だけれども,other,3
or,それとも,other,3
between,～と～の間,other,3
tonight,今夜(は),adverb,3
ever,今まで,adverb,3
once,かつて，１度,adverb,3
finally,ついに,adverb,3
straight,まっすぐに,adverb,3
everywhere,どこでも,adverb,3
down,下に,adverb,3
pretty,かなり,adverb,3
besides,その上,adverb,3
maybe,おそらく,adverb,3
surely,確かに,adverb,3
certainly,確かに,adverb,3
easily,かんたんに,adverb,3
neither,～も～も(ない),adverb,3
alone,ひとりきりで,adverb,3
hard,いっしょうけんめい,adverb,3
forever,永久に,adverb,3
suddenly,突然,adverb,3
especially,特に,adverb,3
quickly,すばやく,adverb,3
long,長く,adverb,3
away,離れて,adverb,3
abroad,外国へ,adverb,3
ahead,前方に,adverb,3
all,まったく,adverb,3
almost,ほとんど,adverb,3
indeed,実に,adverb,3
else,そのほかに,adverb,3
anyway,ともかく,adverb,3
either,(もまた)～でない,adverb,3
gently,やさしく,adverb,3
probably,多分,adverb,3
happily,幸せに，楽しく,adverb,3
then,それから，そのとき，それでは,adverb,3
twice,２回,adverb,3
still,まだ,adverb,3
recently,最近,adverb,3
off,離れて,adverb,3
across,横にさし渡し，横切って,adverb,3
round,まわりに(を),adverb,3
just,ちょうど，ただ単に,adverb,3
quite,まったく,adverb,3
perhaps,多分,adverb,3
even,～さえ,adverb,3
quietly,静かに,adverb,3
fine,うまく,adverb,3
carefully,注意深く,adverb,3
never,１度も～ない,adverb,3
really,本当に,adverb,3
accept,…を受け入れる,verb,4
achieve,…を達成する,verb,4
acquire,…を身につける,verb,4
add,…を付け加える,verb,4
advance,前進する／前進，事前,verb,4
affect,…に影響を与える,verb,4
agree,同意する，賛成する,verb,4
allow,…を許可する，…が～するのを許す,verb,4
appear,現れる，…のように思われる,verb,4
apply,…を適用する，当てはまる,verb,4
approach,…に近づく,verb,4
argue,（感情的に）論じる，…だと主張する,verb,4
assume,…を当然のことと思う，…を引き受ける,verb,4
avoid,…を避ける,verb,4
bear,…を我慢する,verb,4
beat,…をうち負かす,verb,4
belong,属する,verb,4
bite,…を噛む，…を刺す,verb,4
care,気にかける／注意，関心,verb,4
catch,…に乗るのに間に合う，…が～しているのを見つける,verb,4
claim,…が自分のものだと主張する,verb,4
communicate,意思を伝える，…を伝達する,verb,4
compare,…を比較する，…をたとえる,verb,4
consider,…について考える，…を～だと見なす,verb,4
consume,…を消費する,verb,4
contact,…と連絡をとる／接触，連絡,verb,4
contain,…を含む，…が入っている,verb,4
continue,…を続ける,verb,4
cost,…を（費用として）必要とさせる／費用,verb,4
count,重要である，数える,verb,4
cover,…を覆う，…（の範囲を）カバーする,verb,4
create,…を作り出す，…を創造する,verb,4
cross,…を横切る／不機嫌な,verb,4
decline,…を断る，衰退する／低下，衰退,verb,4
define,…の意味を明確に述べる,verb,4
depend,依存する，次第である,verb,4
describe,…について述べる，…を描写する,verb,4
destroy,…を破壊する,verb,4
determine,…を決める,verb,4
develop,…を発達［発展］させる，発達する,verb,4
die,死ぬ,verb,4
disappear,消える,verb,4
discover,…を発見する,verb,4
draw,…を引きつける,verb,4
earn,…を稼ぐ,verb,4
encourage,…を励ます，…を助長する,verb,4
enter,…に入る,verb,4
establish,…を設立する,verb,4
excite,…を興奮させる,verb,4
exist,存在する,verb,4
expect,…を予想する，…を期待する,verb,4
explain,…を説明する,verb,4
express,…を表現する,verb,4
face,…に直面する,verb,4
fail,失敗する,verb,4
fear,…を恐れる／恐れ,verb,4
feed,…に食べ物を与える，…を養う,verb,4
fire,…を首にする,verb,4
fit,…に適合する／適した,verb,4
flow,流れる／流れ,verb,4
follow,…の後を追う,verb,4
gain,…を得る／獲得,verb,4
gather,…を集める，集まる,verb,4
get,…になる，…を手に入れる,verb,4
guess,…だと思う，…を推測する／当てずっぽう,verb,4
hit,…を叩く,verb,4
hold,…を（一時的に）持っている,verb,4
hunt,捜し求める,verb,4
hurt,…を傷つける,verb,4
imagine,…を想像する,verb,4
improve,…を改善する,verb,4
include,…を含む,verb,4
increase,…を増やす，増える,verb,4
indicate,…を指し示す,verb,4
influence,…に影響を及ぼす／影響,verb,4
insist,要求する，主張する,verb,4
introduce,…を紹介する，…を導入する,verb,4
invent,…を発明する,verb,4
involve,…を含む，…を巻き込む,verb,4
lay,…を横たえる,verb,4
lead,…の先頭に立つ，つながる,verb,4
lie,横たわる，嘘をつく,verb,4
lose,…を失う，負ける,verb,4
maintain,…を維持する，…だと主張する,verb,4
manage,何とかうまくやる，管理を行う,verb,4
manufacture,製造する,verb,4
marry,…と結婚する,verb,4
mean,…を意味する，…を意図する,verb,4
mention,…について言及する,verb,4
miss,…が（い）ないのを寂しく思う，…に乗り損なう，ミスする,verb,4
observe,…を観察する，…を遵守する,verb,4
offer,…を申し出る／申し出,verb,4
perform,…を行う，機能する,verb,4
please,…を喜ばせる,verb,4
prefer,…をより好む,verb,4
prepare,準備をする，…に準備をさせる,verb,4
press,…を押す／マスコミ,verb,4
prevent,…を妨げる,verb,4
produce,…を生みだす，…を生産する,verb,4
program,（実施）計画，プログラム,verb,4
protect,…を守る,verb,4
prove,…を証明する，…だと判明する,verb,4
provide,…を［…に］与える,verb,4
publish,…を出版する,verb,4
raise,…を上げる,verb,4
reach,…に到着する，…に手が届く,verb,4
realize,…だとわかる，…を実現する,verb,4
receive,…を受け取る,verb,4
recognize,…がそれ（その人）だとわかる,verb,4
reduce,…を減らす,verb,4
refer,言及する，述べる,verb,4
reflect,…を反映する，熟考する,verb,4
refuse,…を拒否する,verb,4
regard,…を～と見なす,verb,4
remain,…のままである，残る,verb,4
remember,…を覚えている，…を思い出す,verb,4
reply,返答する／返答,verb,4
represent,…を表す，…を代表する,verb,4
require,…を必要とする,verb,4
reveal,…を明らかにする,verb,4
rise,上がる，昇る,verb,4
risk,危険，…を危険にさらす,verb,4
rule,…を統治する／規則，習慣,verb,4
satisfy,…を満足させる,verb,4
save,…を省く，…を救う，…を貯蓄する,verb,4
search,…を捜す／探索，捜索,verb,4
seat,…を着席させる／席,verb,4
seek,…を求める,verb,4
seem,…であるようだ,verb,4
serve,…の役に立つ，…に仕える,verb,4
share,…を分かち合う,verb,4
solve,…を解く,verb,4
sound,…に聞こえる／音,verb,4
spend,…を費やす,verb,4
spread,広がる，…を広げる,verb,4
stay,…のままである，とどまる,verb,4
steal,…をこっそり盗む,verb,4
stick,くっつく，固執する／棒きれ,verb,4
strike,…を叩く，…に～という印象を与える,verb,4
struggle,もがき苦しむ,verb,4
suffer,苦しむ，…を患う,verb,4
suggest,…を提案する，…を示唆する,verb,4
support,…を支持［支援］する／支持，支援,verb,4
suppose,…だと思う，…だと仮定する,verb,4
surprise,…を驚かせる／驚き,verb,4
survive,（…を切り抜け）生き残る,verb,4
tend,…する傾向がある,verb,4
treat,…を扱う,verb,4
vary,さまざまである,verb,4
waste,…を浪費する／浪費，廃棄物,verb,4
wear,…を身につけている,verb,4
win,勝つ，…を勝ち取る,verb,4
wonder,…かなと思う／驚き,verb,4
worry,…を心配させる／心配,verb,4
action,動作，行動,noun,4
activity,活動,noun,4
advantage,有利，利点,noun,4
aid,援助／…を助ける,noun,4
amount,量，額,noun,4
area,地域，面積,noun,4
arms,武器，兵器,noun,4
aspect,局面,noun,4
atmosphere,雰囲気,noun,4
attempt,試み／…を試みる,noun,4
attitude,考え方，態度,noun,4
audience,聴衆，観客，視聴者,noun,4
basis,土台，基礎,noun,4
behavior,行動，振る舞い,noun,4
benefit,利益／…に利益をもたらす,noun,4
bill,請求書，紙幣，法案,noun,4
birth,誕生,noun,4
blood,血,noun,4
brain,頭脳,noun,4
case,場合，事例,noun,4
cause,原因／…の原因となる，…に～させる,noun,4
challenge,挑戦，難題／…に異議を唱える,noun,4
chance,機会，可能性，偶然,noun,4
character,性格，特質,noun,4
choice,選択（肢）,noun,4
civilization,文明,noun,4
class,階級，等級，授業，学級,noun,4
clerk,事務員,noun,4
communication,コミュニケーション，意思の伝達,noun,4
community,共同社会,noun,4
company,会社，仲間,noun,4
competition,競争，競争相手,noun,4
content,中身，目次／満足して,noun,4
control,支配，制御／…を支配［制御］する,noun,4
crowd,群衆，人混み,noun,4
culture,文化,noun,4
customer,顧客,noun,4
damage,損害／…に損害を与える,noun,4
degree,程度，度,noun,4
demand,要求，需要／…を要求する,noun,4
desire,願望／…を強く望む,noun,4
detail,詳細,noun,4
development,発展，発達,noun,4
difference,違い,noun,4
difficulty,困難，苦労,noun,4
direction,方向，方角,noun,4
disease,病気,noun,4
distance,距離,noun,4
doubt,疑い／…を疑う,noun,4
economy,経済,noun,4
education,教育,noun,4
effect,効果，影響，結果,noun,4
environment,環境,noun,4
event,出来事，行事,noun,4
evidence,証拠,noun,4
exchange,交換／…を交換する,noun,4
exercise,運動，練習／運動をする,noun,4
experience,経験／…を経験する,noun,4
experiment,実験,noun,4
expression,表現,noun,4
fact,事実,noun,4
factor,要因，要素,noun,4
failure,失敗，失敗作，失敗者,noun,4
feature,特徴／…を目玉とする,noun,4
field,分野，領域，野原，畑,noun,4
figure,数字，姿，人物,noun,4
force,力／…を［に］強制する,noun,4
form,形態／…を形成する,noun,4
freedom,自由,noun,4
generation,世代,noun,4
god,神,noun,4
government,政府，統治,noun,4
growth,成長,noun,4
habit,（個人の）習慣，癖,noun,4
history,歴史,noun,4
idea,考え，思いつき,noun,4
industry,産業，工業,noun,4
information,情報,noun,4
issue,問題，（雑誌などの）号／…を出す,noun,4
kid,子供／（…を）からかう,noun,4
knowledge,知識,noun,4
labor,労働,noun,4
lack,不足，欠落／…がない,noun,4
language,ことば，言語,noun,4
law,法律，法則,noun,4
level,レベル，水準，程度,noun,4
life,生活，人生，生命,noun,4
limit,限度，制限／…を制限する,noun,4
line,行，列,noun,4
literature,文学,noun,4
loss,失うこと，損失,noun,4
majority,大多数，大半,noun,4
mark,しるし，（試験の）点数／…の印となる,noun,4
market,市場,noun,4
mass,塊，集団，大衆,noun,4
material,材料，原料／物質（的）な,noun,4
meal,食事,noun,4
measure,措置，測るもの／…を測る,noun,4
method,方法,noun,4
million,百万,noun,4
mind,アタマ，思考／…を嫌がる,noun,4
mistake,誤り／…を～と間違える,noun,4
moment,瞬間，時,noun,4
most,大半／最も…,noun,4
movement,動き，（政治的・社会的）運動,noun,4
nation,国家，民族，国民,noun,4
nature,自然，性質,noun,4
note,メモ／…に注目［注意］する,noun,4
object,物体，対象，目的／反対する,noun,4
office,会社，仕事部屋，公職の地位,noun,4
opinion,意見,noun,4
opportunity,機会,noun,4
order,命令，秩序／…に命じる，…を注文する,noun,4
paper,新聞，書類，レポート，論文,noun,4
party,政党，当事者,noun,4
period,期間，時代,noun,4
phone,電話／…に電話をかける,noun,4
place,場所／…を置く,noun,4
plant,植物,noun,4
pleasure,楽しみ，喜び,noun,4
policy,政策，方針,noun,4
population,人口，国民,noun,4
position,位置，立場，地位,noun,4
power,力，権力，大国,noun,4
practice,練習，慣習，実行,noun,4
president,社長，大統領，学長,noun,4
price,値段,noun,4
principle,原理・原則，主義,noun,4
problem,問題,noun,4
process,過程／…を加工処理する,noun,4
product,製品，産物,noun,4
production,生産，製造,noun,4
progress,進歩,noun,4
purpose,目的,noun,4
quality,質,noun,4
range,範囲／範囲が及ぶ,noun,4
rate,率，割合,noun,4
reality,現実,noun,4
reason,理由，理性,noun,4
relation,関係,noun,4
relationship,関係,noun,4
research,研究，調査,noun,4
respect,尊敬，尊重，点／…を尊敬する,noun,4
response,反応，返答,noun,4
rest,休憩，その他／休憩する,noun,4
result,結果,noun,4
science,科学,noun,4
sense,感覚，意味,noun,4
shape,形／…を形作る,noun,4
side,側面，側,noun,4
sign,兆候／…に署名をする,noun,4
situation,状況，情勢,noun,4
skill,技能,noun,4
society,社会,noun,4
sort,種類,noun,4
species,（動植物の）種,noun,4
speech,話，スピーチ，演説,noun,4
stage,段階，舞台,noun,4
standard,標準，基準,noun,4
state,状態，国家，州,noun,4
step,措置，歩み,noun,4
stranger,見知らぬ人，（ある場所に）初めて来た人,noun,4
stress,強調，重圧／…を強調する,noun,4
structure,構造,noun,4
subject,話題，主題,noun,4
success,成功，成功したもの［人］,noun,4
supply,供給／…に供給する,noun,4
surface,表面,noun,4
system,体制，体系，組織,noun,4
task,仕事，作業,noun,4
taste,味／…な味がする,noun,4
technology,テクノロジー，科学技術,noun,4
temperature,温度，体温,noun,4
term,期間，学期，用語，条件，間柄,noun,4
theory,理論,noun,4
trade,貿易，…を交換する,noun,4
traffic,交通，往来／交通の,noun,4
truth,真実,noun,4
universe,宇宙,noun,4
university,大学,noun,4
value,価値／…を重んじる,noun,4
variety,多様,noun,4
view,眺め，見方／…を見る，…を～と見なす,noun,4
war,戦争,noun,4
weather,気候，天気,noun,4
weight,重さ，体重,noun,4
afraid,心配して，怖がって,adjective,4
ancient,古代の，大昔の,adjective,4
available,利用できる，人の手があいている,adjective,4
average,平均の／平均,adjective,4
aware,気づいている,adjective,4
basic,基本的な，基礎的な,adjective,4
certain,ある…，確信している,adjective,4
close,近い，親密な,adjective,4
common,一般的な，共通の,adjective,4
complete,完全な,adjective,4
complex,複雑な,adjective,4
concerned,関わっている，心配している,adjective,4
correct,正確な／…を訂正する,adjective,4
direct,直接の,adjective,4
dressed,服を身につけた,adjective,4
due,行われる［到着する］予定である,adjective,4
economic,経済の，経済的な,adjective,4
environmental,環境の,adjective,4
equal,等しい／…に等しい,adjective,4
essential,不可欠な,adjective,4
expensive,値段が高い,adjective,4
familiar,馴染みのある,adjective,4
famous,有名な,adjective,4
foreign,外国の,adjective,4
free,束縛のない，無料の，暇な,adjective,4
full,いっぱいの，満腹である,adjective,4
general,一般的な，全般的な,adjective,4
healthy,健康（的）な,adjective,4
heavy,重い，大量の,adjective,4
huge,巨大な,adjective,4
human,人間の／人間,adjective,4
impossible,不可能な，だめな,adjective,4
individual,個人の，個々の／個人,adjective,4
industrial,産業の，工業の,adjective,4
international,国際的な,adjective,4
likely,可能性が高い,adjective,4
local,地元の,adjective,4
major,主な，大きな／専攻する,adjective,4
married,結婚した，既婚の,adjective,4
medical,医学の，医療の,adjective,4
mental,精神の，知的な,adjective,4
modern,現代の，近代の,adjective,4
national,国の，国立の,adjective,4
native,生まれ故郷の，生来の,adjective,4
natural,当然の，自然の,adjective,4
necessary,必要な,adjective,4
obvious,明白な,adjective,4
ordinary,普通の,adjective,4
original,当初の／原文,adjective,4
own,自身の／…を所有している,adjective,4
particular,特定の，特にその，気むずかしい,adjective,4
past,過去の／過去,adjective,4
personal,個人的な，個人の,adjective,4
physical,身体の，物理的な,adjective,4
political,政治の，政治的な,adjective,4
popular,人気のある，大衆の,adjective,4
possible,可能な,adjective,4
practical,実用的な，実際的な,adjective,4
present,出席している，現在の,adjective,4
private,個人的な，私的な,adjective,4
professional,専門職の／専門職の人,adjective,4
public,公共の／大衆,adjective,4
recent,最近の,adjective,4
related,関係している，関連した,adjective,4
right,正しい／権利,adjective,4
round,丸い,adjective,4
scientific,科学の,adjective,4
separate,分離した／…を切り離す,adjective,4
serious,真剣な，深刻な,adjective,4
similar,よく似た,adjective,4
single,一つの，一人の，独身の,adjective,4
social,社会の，社交の,adjective,4
special,特別な,adjective,4
strange,奇妙な，見知らぬ,adjective,4
sure,確信して，確実な,adjective,4
thick,厚い,adjective,4
traditional,伝統的な,adjective,4
useful,役に立つ,adjective,4
various,さまざまな,adjective,4
vast,非常に大きな,adjective,4
whole,…の全て，全体の,adjective,4
wrong,間違った,adjective,4
abroad,外国で，外国へ,adverb,4
actually,実際に，現実に,adverb,4
badly,ひどく，悪く,adverb,4
especially,特に,adverb,4
eventually,最終的には,adverb,4
exactly,正確［厳密］に，ちょうど,adverb,4
extremely,極端に,adverb,4
forward,前方へ,adverb,4
frequently,頻繁に,adverb,4
generally,一般的に,adverb,4
highly,とても，高く,adverb,4
however,しかしながら,adverb,4
immediately,即座に,adverb,4
indeed,確かに,adverb,4
later,後に，…後,adverb,4
maybe,たぶん，五分五分で,adverb,4
merely,単に,adverb,4
naturally,当然，自然に,adverb,4
otherwise,さもなければ，それとは違うように,adverb,4
particularly,特に,adverb,4
pretty,かなり,adverb,4
probably,おそらく,adverb,4
quite,かなり，全く,adverb,4
recently,最近,adverb,4
simply,単に,adverb,4
therefore,それゆえ,adverb,4
although,…だけれども,other,4
unless,…でない限り（原則として）,other,4
while,…である一方で，…している間に,other,4
except,…を除いて,other,4
toward,…に向かって,other,4
worth,…の価値がある,other,4
behind,…の背後に／背後に,other,4
abandon,…を捨て去る,verb,5
absorb,…を吸収する，…を没頭させる,verb,5
accomplish,…を成し遂げる,verb,5
accompany,…に付き添う,verb,5
accuse,…を非難［告発］する,verb,5
adapt,…を適合［適応］させる,verb,5
admire,…をすばらしいと思う，…を賞賛する,verb,5
admit,…を認める,verb,5
adopt,…を自分のものにする,verb,5
advertise,…を宣伝［広告］する,verb,5
afford,…の余裕がある,verb,5
aim,ねらいをつける／目的,verb,5
alter,…を変える,verb,5
annoy,…をいらだたせる,verb,5
appeal,訴える,verb,5
arise,起こる，生じる,verb,5
arrange,（…を）計画・準備する,verb,5
associate,…を結びつけて考える,verb,5
attach,…を貼り付ける，…を取り付ける,verb,5
attend,…に出席する,verb,5
attract,…を引きつける,verb,5
behave,振る舞う,verb,5
bind,…を縛りつける,verb,5
block,…を妨げる,verb,5
blow,（…を）吹く／打撃,verb,5
borrow,…を借りる,verb,5
breathe,呼吸をする,verb,5
collect,…を集める，…を徴収する,verb,5
combine,…を結合させる,verb,5
command,…に［を］命じる／行使する力,verb,5
compete,競争する,verb,5
complain,不満を言う,verb,5
compose,…を構成する，＜曲や詩＞を作る,verb,5
concentrate,集中する,verb,5
conclude,締めくくる，…という結論を下す,verb,5
confuse,…を混乱させる,verb,5
connect,…をつなげる,verb,5
considerable,かなりの,verb,5
consist,成り立つ，存在する,verb,5
construct,…を組み立てる，…を建造する,verb,5
contribute,寄付する，貢献する,verb,5
convey,…を伝える，…を運ぶ,verb,5
convince,…に納得させる,verb,5
cope,対処する,verb,5
criticize,…を批判する,verb,5
decision,決定，決心,verb,5
declare,…を宣言する,verb,5
decrease,減少する／減少,verb,5
defeat,…を負かす,verb,5
defend,…を守る,verb,5
deny,…を否定する,verb,5
derive,…を引き出す,verb,5
devote,＜時間・努力＞を注ぐ,verb,5
disappoint,…をがっかりさせる,verb,5
discuss,…について議論する,verb,5
dislike,…を嫌がる／嫌悪,verb,5
display,…を展示する／展示,verb,5
distinguish,…を区別する,verb,5
disturb,…の平穏を妨げる,verb,5
divide,…を分割する,verb,5
educate,…を教育する,verb,5
emerge,現れる,verb,5
emphasize,…を強調する,verb,5
employ,…を雇う,verb,5
enable,…に可能にさせる,verb,5
encounter,…に遭遇する,verb,5
entertain,…を楽しませる,verb,5
estimate,…を推定する，…を見積もる／推定,verb,5
examine,…を検査する，…を調べる,verb,5
expand,…を拡大する,verb,5
explore,…を探索［探検］する,verb,5
export,…を輸出する／輸出,verb,5
expose,…を明らかにする，…をさらす,verb,5
extend,延びる，…を拡張する,verb,5
fix,…を固定する，…を修理する,verb,5
frighten,…をおびえさせる，…を怖がらせる,verb,5
govern,…を統治する,verb,5
graduate,卒業する,verb,5
greet,…にあいさつをする,verb,5
handle,…を手で扱う，…にうまく対処する,verb,5
hang,…をつるす，…を絞首刑にする,verb,5
hate,…をひどく嫌う,verb,5
hesitate,ためらう,verb,5
hire,…を雇う,verb,5
identify,…を見分ける,verb,5
ignore,…を無視する,verb,5
imply,…をほのめかす,verb,5
import,…を輸入する／輸入,verb,5
impress,…に感銘を与える,verb,5
inform,…に知らせる,verb,5
intend,意図する，つもりである,verb,5
interpret,…を解釈する，通訳する,verb,5
isolate,…を孤立させる,verb,5
judge,…を判断する／審判員，裁判官,verb,5
notice,…に気づく／注意，掲示,verb,5
obtain,…を手に入れる,verb,5
occupy,…を占める，…を占領する,verb,5
oppose,…に反対する,verb,5
organize,…を組織する,verb,5
overcome,…を克服する,verb,5
participate,参加する,verb,5
pause,話し［行動］を中断する／間（ま），小休止,verb,5
perceive,…を知覚する,verb,5
permit,…を許可する,verb,5
persuade,説得する,verb,5
possess,…を所有する,verb,5
praise,…をほめる,verb,5
predict,…を予想する，…を予測する,verb,5
preserve,…を保存［保護］する,verb,5
pretend,…のふりをする,verb,5
promote,…を促進する,verb,5
propose,…を提案する,verb,5
punish,…を罰する,verb,5
purchase,…を購入する／購入,verb,5
pursue,…を追い求める,verb,5
quit,（…を）やめる,verb,5
react,反応する,verb,5
recommend,…を薦める,verb,5
recover,回復する,verb,5
reject,…を拒絶する,verb,5
release,…を解き放つ,verb,5
rely,頼る，信頼する,verb,5
remind,…に思い出させる,verb,5
remove,…を取り除く,verb,5
repair,…を修理する,verb,5
replace,…に取って代わる,verb,5
reserve,…を取っておく，…を予約する,verb,5
respond,反応する，返答する,verb,5
retire,退職する，引退する,verb,5
roll,転がる,verb,5
rush,突進する，ダッシュする,verb,5
select,…を選び出す,verb,5
settle,…を決着させる，落ち着く,verb,5
sink,沈む,verb,5
smell,…な臭いがする，…の臭いをかぐ,verb,5
stare,…をじっと見つめる,verb,5
stimulate,…を刺激する,verb,5
stretch,広がる／広がり,verb,5
suit,…に適合する／訴訟,verb,5
surround,…を取り囲む,verb,5
suspect,…を疑う，…ではないかと思う／容疑者,verb,5
tear,…を引き裂く／涙,verb,5
threaten,…を脅かす,verb,5
transfer,…を移す,verb,5
transform,…を変える,verb,5
translate,…を翻訳する,verb,5
transport,…を輸送する／輸送,verb,5
vote,投票する／投票,verb,5
warn,…に警告する,verb,5
account,説明，口座／説明する，占める,noun,5
addition,付加，追加,noun,5
address,住所，演説／…の前で演説をする,noun,5
advice,助言,noun,5
affair,事柄，出来事,noun,5
agent,代理人，代理店,noun,5
agreement,同意，一致,noun,5
agriculture,農業,noun,5
alternative,代替となるもの／代替の,noun,5
ancestor,祖先,noun,5
anger,怒り,noun,5
anxiety,心配，不安,noun,5
appearance,出現，外見,noun,5
assumption,想定，思いこみ,noun,5
association,協会，組合,noun,5
author,著者，作家,noun,5
authority,権威,noun,5
automobile,自動車,noun,5
background,背景，経歴,noun,5
capacity,最大容量［積載量・稼働力］，能力,noun,5
capital,資本，資本金，首都／大文字の,noun,5
career,(生涯にわたる）職業,noun,5
characteristic,特徴,noun,5
charge,非難，料金，管理／…に請求する,noun,5
circumstance,（周囲の）状況,noun,5
citizen,市民,noun,5
climate,気候,noun,5
conclusion,結論,noun,5
condition,状態，条件,noun,5
conduct,行為／…を行う,noun,5
conference,会議,noun,5
confidence,自信，信頼,noun,5
conflict,対立，争い,noun,5
consequence,結果,noun,5
consumption,消費,noun,5
continent,大陸,noun,5
contrast,対照,noun,5
contribution,寄付，貢献,noun,5
conversation,会話,noun,5
cooperation,協力,noun,5
copy,（本・雑誌などの）一冊／…をまねる,noun,5
creation,創造，創造物,noun,5
crime,犯罪,noun,5
crisis,危機,noun,5
criticism,批判,noun,5
crop,収穫物,noun,5
curiosity,好奇心,noun,5
custom,（社会的な）習慣，慣習,noun,5
debate,討論,noun,5
debt,借金，負債,noun,5
decade,１０年,noun,5
definition,定義,noun,5
delight,喜び,noun,5
democracy,民主主義,noun,5
desert,砂漠／…を立ち去る,noun,5
destruction,破壊,noun,5
device,装置，仕掛け,noun,5
diet,（日常の）食事，ダイエット,noun,5
disaster,災害,noun,5
discipline,しつけ，規律,noun,5
discussion,議論,noun,5
distinction,区別，違い,noun,5
district,地域，地区,noun,5
drug,麻薬，薬,noun,5
element,要素,noun,5
employee,従業員,noun,5
enemy,敵,noun,5
entertainment,娯楽,noun,5
error,ミス，間違い,noun,5
evolution,進化，進展,noun,5
excuse,言い訳／…勘弁する,noun,5
expert,専門家,noun,5
explanation,説明　,noun,5
extent,程度,noun,5
faith,信頼，信仰,noun,5
fate,運命,noun,5
fault,欠点，過失，せい,noun,5
favor,親切な行為,noun,5
flight,飛行，（飛行機の）便,noun,5
focus,焦点／…を集中する,noun,5
fuel,燃料,noun,5
function,機能／機能する,noun,5
genius,天才,noun,5
goal,目標，目的,noun,5
grammar,文法,noun,5
grant,給付金／…を与える,noun,5
guide,案内人，案内書／…を案内する,noun,5
harm,害／…を害する,noun,5
height,高さ,noun,5
household,（一つ屋根の下で暮らす）家族，家,noun,5
humanity,人間，人間性,noun,5
ideal,理想／理想の,noun,5
imagination,想像,noun,5
immigrant,移民,noun,5
impact,影響，衝撃,noun,5
impression,印象,noun,5
income,所得,noun,5
independence,独立，自立,noun,5
instruction,指示，指導,noun,5
intelligence,知能，諜報,noun,5
item,項目,noun,5
journey,旅,noun,5
joy,喜び,noun,5
judgement,判断,noun,5
laboratory,実験室,noun,5
landscape,風景,noun,5
laughter,笑い,noun,5
leisure,余暇,noun,5
lesson,授業，教訓,noun,5
luck,運，幸運,noun,5
manager,部長，支配人，監督,noun,5
manner,やり方，方法,noun,5
master,主人，達人／…を習得する,noun,5
match,試合／…と調和する,noun,5
matter,事柄／重要である,noun,5
merchant,商人,noun,5
murder,(故意の）殺人／…を（故意に）殺す,noun,5
necessity,必要，必要なもの,noun,5
neighborhood,近所,noun,5
notion,考え，考え方,noun,5
novel,小説／新奇な,noun,5
observation,観察,noun,5
occasion,（特定の）時，場合,noun,5
occupation,職業,noun,5
operation,操作，運転，手術,noun,5
organization,組織，団体,noun,5
origin,起源,noun,5
pain,痛み,noun,5
passage,（文章の）一節，通路,noun,5
passenger,乗客,noun,5
personality,人格，性格，（芸能界などの）有名人,noun,5
phenomenon,現象,noun,5
philosopher,哲学者,noun,5
philosophy,哲学,noun,5
physics,物理学,noun,5
plenty,たくさん,noun,5
politician,政治家,noun,5
politics,政治,noun,5
popularity,人気,noun,5
presence,存在,noun,5
profit,利益,noun,5
project,計画，事業,noun,5
proof,証拠,noun,5
property,財産，所有地,noun,5
proportion,比率，割合,noun,5
proverb,ことわざ,noun,5
psychologist,心理学者,noun,5
quantity,量,noun,5
reaction,反応　,noun,5
region,地域，地方,noun,5
religion,宗教,noun,5
remark,ことば，感想／…だと述べる,noun,5
reputation,評判,noun,5
revolution,革命,noun,5
reward,褒美，報償／…に褒美［報償］を与える,noun,5
row,列／…をこぐ,noun,5
security,安心，安全，治安,noun,5
self,自己，自我,noun,5
shift,変化／…を変える,noun,5
shortage,不足,noun,5
sight,見ること，視力,noun,5
significance,重要性，意義,noun,5
skin,皮膚，皮膜,noun,5
soil,土，土壌,noun,5
soldier,兵士,noun,5
solution,解決（法）,noun,5
statement,話，陳述，声明,noun,5
status,社会的地位,noun,5
stock,株，在庫／…を在庫に持つ,noun,5
strength,力，強さ,noun,5
substance,物質,noun,5
sum,金額，合計,noun,5
survey,調査,noun,5
survival,生存,noun,5
talent,才能,noun,5
theme,テーマ,noun,5
thought,考えること，考え,noun,5
threat,脅威,noun,5
tongue,言葉，舌,noun,5
tradition,伝統,noun,5
treatment,扱い，処置，治療,noun,5
tribe,部族,noun,5
trust,信頼，信用／…を信頼［信用］する,noun,5
union,統合,noun,5
vehicle,乗り物，伝達手段,noun,5
victim,犠牲者,noun,5
violence,暴力,noun,5
virus,ウイルス,noun,5
vision,未来像，ビジョン,noun,5
vocabulary,語い,noun,5
wealth,富，財産,noun,5
wisdom,知恵,noun,5
witness,目撃者，証人／…を目撃する,noun,5
youth,若さ，青年期，青少年,noun,5
accurate,正確な,adjective,5
actual,現実の，実際の,adjective,5
alike,よく似た,adjective,5
anxious,心配して，切望する,adjective,5
appropriate,適当な，適切な,adjective,5
asleep,眠っている,adjective,5
attractive,魅力的な,adjective,5
awake,目を覚ましている,adjective,5
biological,生物学上の,adjective,5
bored,退屈した,adjective,5
brief,短い,adjective,5
capable,可能性がある，しかねない，有能な,adjective,5
chemical,化学の／化学製品,adjective,5
civilized,発達した文明をもつ,adjective,5
comfortable,心地の良い,adjective,5
complicated,複雑な,adjective,5
conscious,意識して，気づいて,adjective,5
constant,絶え間ない,adjective,5
contemporary,現在の，現代の，同時代の,adjective,5
contrary,反対の,adjective,5
convenient,都合がよい,adjective,5
creative,創造的な,adjective,5
critical,極めて重要な，非常に深刻な,adjective,5
curious,好奇心が強い,adjective,5
current,現在の，目下の／流れ,adjective,5
dependent,依存している,adjective,5
distant,遠く離れた,adjective,5
domestic,国内の，家庭内の,adjective,5
dramatic,劇的な,adjective,5
dull,面白みのない，鈍い,adjective,5
eager,強く望んでいる,adjective,5
educational,教育の，教育的な,adjective,5
effective,効果的な,adjective,5
efficient,効率［能率］の良い,adjective,5
elderly,年配の,adjective,5
emotional,感情の，感情的な,adjective,5
empty,何も入っていない，空の,adjective,5
engaged,従事している，婚約している,adjective,5
enormous,非常に大きい,adjective,5
entire,全体の，…全体,adjective,5
evil,邪悪な，悪の,adjective,5
extra,余分の,adjective,5
extraordinary,普通でない，並はずれた,adjective,5
extreme,極端な,adjective,5
fair,公平な，かなりの,adjective,5
FALSE,誤った，偽りの,adjective,5
fat,太った／脂肪,adjective,5
favorite,一番好きな，一番好きなもの,adjective,5
female,雌の，女性の／雌，女性,adjective,5
financial,財政の，金融の,adjective,5
firm,しっかりした，堅い／会社,adjective,5
former,前の／前者,adjective,5
friendly,友好的な,adjective,5
fundamental,基本的な，根本的な,adjective,5
gentle,穏やかな，やさしい,adjective,5
global,地球の，世界の,adjective,5
harmful,有害な,adjective,5
historical,歴史（上）の,adjective,5
honest,正直な,adjective,5
immediate,即座の,adjective,5
independent,独立した，自立した,adjective,5
intellectual,知的な，知性の,adjective,5
intelligent,知能の高い,adjective,5
internal,内部の,adjective,5
junior,ポストが下の，下級の／年下の人,adjective,5
latter,後者の,adjective,5
literary,文学の,adjective,5
medium,中間の,adjective,5
military,軍隊の，軍事の,adjective,5
mysterious,不可解な,adjective,5
narrow,幅が狭い,adjective,5
nearby,近くの,adjective,5
negative,否定の，否定的［悲観的］な,adjective,5
nervous,あがっている，神経質な,adjective,5
nuclear,核の,adjective,5
opposite,反対の／…と反対側の,adjective,5
patient,我慢強い／患者,adjective,5
pleasant,楽しい，気持ちのよい,adjective,5
polite,礼儀正しい,adjective,5
positive,自信のある，肯定的な,adjective,5
potential,潜在的な,adjective,5
previous,前の,adjective,5
primary,最初の，主要な，最優先の,adjective,5
primitive,原始的な,adjective,5
proper,適切な,adjective,5
proud,自慢に思って,adjective,5
rare,まれな,adjective,5
reasonable,理性のある，理にかなった,adjective,5
remarkable,目立った，顕著な,adjective,5
responsible,責任がある,adjective,5
rough,ごつごつした，粗い，大雑把な,adjective,5
rural,田舎の,adjective,5
senior,ポストが上の，上級の／年上の人,adjective,5
sensitive,敏感な，神経質な,adjective,5
severe,厳しい,adjective,5
significant,重要な,adjective,5
silly,馬鹿な,adjective,5
slight,かすかな,adjective,5
smart,頭の良い,adjective,5
solid,固い／固体,adjective,5
specific,具体的な，特定の,adjective,5
stupid,馬鹿な,adjective,5
sudden,突然の,adjective,5
suitable,適した,adjective,5
superior,より優れた,adjective,5
technical,技術上の，専門的な,adjective,5
terrible,ひどい，不快な,adjective,5
tiny,ごく小さい,adjective,5
tough,頑強な,adjective,5
typical,典型的な,adjective,5
unique,他に類のない，特別な,adjective,5
universal,普遍的な，万国［万人］共通の,adjective,5
unknown,未知の，無名の,adjective,5
unusual,めずらしい，普通でない,adjective,5
upset,気持ちが動揺した／…の心をかき乱す,adjective,5
urban,都会の，都市の,adjective,5
useless,役に立たない,adjective,5
valuable,貴重な,adjective,5
visible,目に見える,adjective,5
vital,極めて重要な，必要不可欠な,adjective,5
wealthy,裕福な,adjective,5
welcome,歓迎される／…を歓迎する,adjective,5
well-known,よく知られた,adjective,5
willing,いとわない，やぶさかでない,adjective,5
absolutely,絶対に,adverb,5
alive,生きている,adverb,5
apart,離れて,adverb,5
closely,綿密に，密接に,adverb,5
constantly,常に,adverb,5
directly,直接（的）に,adverb,5
entirely,完全に，全く,adverb,5
fairly,かなり，公平に,adverb,5
forever,永遠に,adverb,5
fully,十分に，完全に,adverb,5
gradually,次第に,adverb,5
largely,主として,adverb,5
necessarily,必然的に,adverb,5
nevertheless,にもかかわらず,adverb,5
normally,通常は，正常に,adverb,5
obviously,明らかに,adverb,5
occasionally,時折,adverb,5
possibly,ひょっとすると,adverb,5
properly,適切に,adverb,5
rapidly,素早く,adverb,5
seldom,めったに…しない,adverb,5
slightly,わずかに,adverb,5
somehow,どうにか,adverb,5
somewhat,いくぶん,adverb,5
surely,確かに,adverb,5
totally,完全に,adverb,5
unfortunately,残念なことに,adverb,5
virtually,実質的に,adverb,5
widely,広範囲に,adverb,5
wherever,…する所はどこでも,other,5
despite,…にもかかわらず,other,5
unlike,…とは違って,other,5
acknowledge,…の存在［正しさ］を認める,verb,6
adjust,…を調節する，順応する,verb,6
advise,…にアドバイスする［勧める］,verb,6
amuse,…を楽しませる,verb,6
analyze,…を分析する,verb,6
assure,…に～だとして安心させる,verb,6
astonish,…をびっくりさせる,verb,6
beg,…を乞う,verb,6
bend,…を曲げる,verb,6
blink,まばたきをする／まばたき,verb,6
bow,お辞儀をする／お辞儀,verb,6
broadcast,…を放送する,verb,6
burst,破裂する，…を破裂させる,verb,6
bury,…を埋める,verb,6
capture,…を捕える,verb,6
cease,…をやめる，終わる,verb,6
celebrate,…を祝う,verb,6
characterize,…を特徴づける,verb,6
cling,しがみつく，固執する,verb,6
commit,＜罪など＞を犯す,verb,6
confine,…を限る，…を閉じこめる,verb,6
confirm,…を確認する,verb,6
confront,…を直面させる,verb,6
constitute,…を構成する,verb,6
convert,…を変える，変わる,verb,6
cultivate,…を耕作する，…を栽培する,verb,6
cure,…を治療する,verb,6
dare,思い切って…する，生意気にも…する,verb,6
delay,…を遅らせる,verb,6
deliver,…を配達する,verb,6
depress,…を落胆させる,verb,6
devise,…を考え出す,verb,6
diminish,減る，…を減らす,verb,6
disagree,一致しない,verb,6
discourage,…をがっかりさせる,verb,6
dominate,…を支配する,verb,6
dwell,住む,verb,6
eliminate,…を取り除く,verb,6
embarrass,…を恥ずかしがらせる，…にばつの悪い思いをさせる,verb,6
endure,…に耐える,verb,6
ensure,…を確実にする，…を保証する,verb,6
equip,…に備え付ける［身につけさせる］,verb,6
evolve,進化する,verb,6
exhaust,…を疲れ果てさせる，…を使い果たす,verb,6
exhibit,…を表に出す，…を展示する，,verb,6
fascinate,…を魅了する,verb,6
float,浮かぶ,verb,6
fold,…を折りたたむ,verb,6
found,…を設立する,verb,6
fulfill,…を果たす，…をかなえる,verb,6
gaze,じっと見つめる,verb,6
generate,…を発生させる,verb,6
grasp,…をつかむ，…を理解する,verb,6
guarantee,…を保証する,verb,6
guard,…の警護［監視］をする／警護者，監視者,verb,6
illustrate,…を詳しく説明する,verb,6
imitate,…を模倣する,verb,6
impose,…を課す,verb,6
inclined,傾いている，傾向がある,verb,6
industrialize,…を産業化［工業化］する,verb,6
inspire,…を鼓舞する,verb,6
interfere,干渉する，阻害する,verb,6
interrupt,…の邪魔をする，…を中断させる,verb,6
investigate,（…を）調査する,verb,6
justify,…を正当化する,verb,6
leap,跳ぶ,verb,6
melt,溶ける，…を溶かす,verb,6
misunderstand,…を誤解する,verb,6
neglect,…の世話を怠る，…を省みない,verb,6
nod,うなずく,verb,6
offend,…の気分を害する,verb,6
originate,起こる，生じる,verb,6
overlook,…を見落とす，…を見過ごす,verb,6
owe,…に金を借りている,verb,6
pour,…を注ぐ,verb,6
pray,祈る,verb,6
proceed,進む,verb,6
protest,抗議する／抗議,verb,6
rank,階級，地位,verb,6
relieve,…を和らげる，…から取り除く,verb,6
request,…を依頼する／依頼,verb,6
resist,…を拒む，…に抵抗する,verb,6
resolve,…を解決する，決心する,verb,6
restrict,…を制限する,verb,6
retain,…を保持する,verb,6
review,論評，批評／…を論評する，…を検討する,verb,6
ruin,…を台無しにする,verb,6
scare,…を怯えさせる，…をびっくりさせる,verb,6
scatter,…をまき散らす,verb,6
scream,金切り声を上げる,verb,6
secure,…を確保する，…を安全にする／ゆるぎない,verb,6
specialize,専門にする，専攻する,verb,6
spoil,…を台無しにする,verb,6
strengthen,…を強化する,verb,6
substitute,…を代わりに使う／代わり,verb,6
suppress,…を抑える,verb,6
swallow,…を飲み込む,verb,6
sweep,…を掃く，…を掃くように動かす,verb,6
trace,…の跡［起源］を辿る／跡，痕跡,verb,6
undergo,…を経験する,verb,6
urge,…を（強く）促す［要請する］／願望,verb,6
wander,ぶらつく，放浪する,verb,6
weigh,…の重さがある,verb,6
whisper,ささやく,verb,6
yell,大声を上げる,verb,6
absence,不在，欠如,noun,6
accent,（ことばの）なまり，抑揚,noun,6
acceptance,受け入れ,noun,6
access,アクセス，使用［閲覧］する機会［権利］,noun,6
acquaintance,知り合い,noun,6
affection,愛情,noun,6
aggression,攻撃性,noun,6
alarm,懸念／…に懸念を抱かせる,noun,6
ambition,夢，大望,noun,6
appetite,食欲,noun,6
application,応用，適用,noun,6
appointment,約束,noun,6
arrangement,準備，取り決め,noun,6
athlete,運動選手,noun,6
avenue,…通り，大通り,noun,6
band,（音楽の）バンド，一団,noun,6
border,国境,noun,6
burden,重荷，負担,noun,6
campaign,政治的運動,noun,6
candidate,候補者，志願者,noun,6
cash,現金,noun,6
category,部門，部類,noun,6
cave,ほら穴,noun,6
cell,細胞,noun,6
charm,魅力／…を魅了する,noun,6
colleague,同僚,noun,6
colony,植民地,noun,6
committee,委員会,noun,6
companion,連れ，仲間,noun,6
comparison,比較,noun,6
complaint,不満,noun,6
complexity,複雑さ,noun,6
composition,構成，楽曲,noun,6
confusion,混乱,noun,6
construction,建設，構造,noun,6
contract,契約,noun,6
convention,しきたり，（大規模な）会議,noun,6
courage,勇気,noun,6
crash,衝突／衝突する,noun,6
crew,乗組員，一団,noun,6
critic,批評家，批判者,noun,6
description,説明，描写,noun,6
dialect,方言，なまり,noun,6
dignity,威厳，尊厳,noun,6
disadvantage,不利，デメリット,noun,6
dispute,争議，口論,noun,6
division,分割，部門,noun,6
divorce,離婚,noun,6
document,文書,noun,6
ecology,生態（学）,noun,6
economics,経済学,noun,6
editor,編集者,noun,6
emotion,感情,noun,6
emperor,皇帝，天皇,noun,6
enterprise,会社，事業,noun,6
enthusiasm,情熱，熱意,noun,6
equality,平等,noun,6
era,時代,noun,6
exception,例外,noun,6
executive,幹部，重役,noun,6
expense,費用，出費，犠牲,noun,6
explosion,爆発,noun,6
extinction,絶滅,noun,6
facility,施設，設備,noun,6
fairy,妖精,noun,6
flame,炎,noun,6
fortune,運，財産,noun,6
foundation,土台，根拠，設立,noun,6
frontier,国境，辺境,noun,6
fund,資金，基金,noun,6
funeral,葬式,noun,6
fur,毛皮,noun,6
furniture,家具，調度品,noun,6
garbage,（生）ゴミ，くず,noun,6
gene,遺伝子,noun,6
globe,地球,noun,6
grave,墓／深刻な,noun,6
ground,根拠，理由,noun,6
harmony,調和,noun,6
harvest,収穫／…を収穫する,noun,6
honor,名誉，敬意,noun,6
hunger,飢え，空腹,noun,6
immigration,（他国からの）移住,noun,6
impulse,衝動,noun,6
incident,事件,noun,6
infant,幼児,noun,6
inhabitant,（ある場所の）居住者，生息動物,noun,6
injury,けが,noun,6
insect,昆虫,noun,6
insight,深く正確な理解，洞察（力）,noun,6
instinct,本能,noun,6
institution,制度，慣習，（重要な）施設,noun,6
instrument,道具，器具,noun,6
insurance,保険,noun,6
introduction,紹介，導入,noun,6
investment,投資,noun,6
liberty,自由,noun,6
limitation,制限，制約,noun,6
load,積み荷／…を積む,noun,6
location,位置，場所,noun,6
logic,論理，理屈,noun,6
lord,封建君主，…卿，（（大文字で））神,noun,6
lung,肺,noun,6
luxury,贅沢，贅沢品,noun,6
mail,郵便／…を投函する,noun,6
mammal,哺乳動物,noun,6
mineral,鉱物,noun,6
minority,少数派,noun,6
mood,気分,noun,6
motive,動機,noun,6
myth,神話,noun,6
neighbor,近所の人,noun,6
nerve,神経,noun,6
obligation,義務,noun,6
orbit,軌道,noun,6
output,生産量，産出量,noun,6
owner,所有者,noun,6
participant,参加者,noun,6
passion,熱望，強い関心,noun,6
patience,辛抱強さ，忍耐,noun,6
perception,洞察（力），知覚,noun,6
perspective,見地，視座,noun,6
pile,積み重ね，「山」,noun,6
pioneer,開拓者，先駆者,noun,6
poison,毒,noun,6
portion,部分,noun,6
possession,所有，所有物,noun,6
preference,好み,noun,6
prejudice,先入観，偏見,noun,6
privilege,特権,noun,6
profession,職業,noun,6
pronunciation,発音,noun,6
prospect,見通し，見込み,noun,6
punishment,罰,noun,6
pursuit,追跡，追求,noun,6
ray,光線,noun,6
recognition,その人［それ］だとわかること,noun,6
reference,言及，参照,noun,6
reflection,反映，反射,noun,6
relief,安堵，軽減,noun,6
requirement,要求される事柄，必要なもの,noun,6
resident,居住者,noun,6
ritual,儀式,noun,6
root,根，根源／…を根づかせる,noun,6
sacrifice,犠牲／…を犠牲にする,noun,6
scholar,学者,noun,6
seed,種子,noun,6
servant,使用人，お手伝い,noun,6
shade,日陰,noun,6
shame,恥，不名誉，残念なこと,noun,6
shelter,避難，避難場所,noun,6
shore,岸，海岸,noun,6
similarity,類似（点）,noun,6
site,場所，用地,noun,6
specialist,専門家，専門医,noun,6
statistics,統計,noun,6
steam,蒸気,noun,6
strip,細長い一片［地域］／…をはぎ取る,noun,6
stuff,モノ,noun,6
suburb,郊外,noun,6
tale,お話,noun,6
telescope,望遠鏡,noun,6
tension,緊張,noun,6
territory,領土,noun,6
text,本文，書かれたもの,noun,6
tide,潮，風潮,noun,6
tip,先，先端,noun,6
tone,音，音色，（声・ことばの）調子，,noun,6
traffic jam,交通渋滞,noun,6
tragedy,悲劇,noun,6
trail,通った跡，でこぼこ道,noun,6
trait,特性，特徴,noun,6
transportation,輸送,noun,6
trap,わな／…をわなにかける,noun,6
treasure,宝，財宝,noun,6
trial,裁判，試み,noun,6
trick,…をだます／手品，こつ,noun,6
unemployment,失業,noun,6
version,…版，別形式,noun,6
virtue,徳，美徳，長所,noun,6
volunteer,ボランティア，志願兵,noun,6
voyage,航海,noun,6
wage,賃金,noun,6
weapon,武器,noun,6
Westerner,西洋人，西部に住む人,noun,6
absolute,絶対的な，完全な,adjective,6
abstract,抽象的な,adjective,6
accustomed,慣れている,adjective,6
additional,追加の,adjective,6
adequate,十分な,adjective,6
aggressive,攻撃的な，積極的な,adjective,6
amazing,びっくりするような,adjective,6
annual,毎年の,adjective,6
apparent,外見上の，明らかな,adjective,6
artificial,人工的な,adjective,6
Atlantic,大西洋の,adjective,6
atomic,原子の，原子力の,adjective,6
awful,ひどい,adjective,6
based,基づいている,adjective,6
brilliant,すばらしい,adjective,6
calm,穏やかな，落ち着いた,adjective,6
casual,何気ない,adjective,6
civil,公民の，（軍事に対し）民間の,adjective,6
classical,古典の，古典的な,adjective,6
definite,明確な,adjective,6
delicate,微妙な,adjective,6
democratic,民主主義の，民主的な,adjective,6
desirable,望ましい,adjective,6
dirty,汚れた,adjective,6
distinct,はっきり異なる,adjective,6
elaborate,手の込んだ,adjective,6
electrical,電気の,adjective,6
elementary,初歩の，基本の,adjective,6
equivalent,等しい，同等の,adjective,6
evident,明らかな,adjective,6
exact,正確な,adjective,6
excessive,過度の,adjective,6
external,外部の,adjective,6
frequent,頻繁な,adjective,6
generous,気前のよい,adjective,6
genuine,本物の，偽りのない,adjective,6
grand,壮大な,adjective,6
guilty,有罪の,adjective,6
identical,全く同じ,adjective,6
inevitable,避けられない,adjective,6
inferior,劣った,adjective,6
initial,当初の,adjective,6
inner,内部の,adjective,6
intimate,親密な,adjective,6
invisible,見えない,adjective,6
keen,切望した，熱意のある,adjective,6
latest,最新の，最近の,adjective,6
legal,法律の，合法な,adjective,6
liberal,（他の思想に）寛大な，自由主義的な,adjective,6
located,（ある場所に）位置する,adjective,6
logical,論理的な,adjective,6
long-term,長期的な,adjective,6
massive,巨大な，大規模な,adjective,6
mature,成熟した,adjective,6
mechanical,機械の，機械的な,adjective,6
minor,小さな，重要度の低い,adjective,6
mutual,相互の,adjective,6
numerous,多数の,adjective,6
odd,変な，奇数の／（（oddsで））可能性,adjective,6
overwhelming,圧倒的な,adjective,6
painful,苦痛な,adjective,6
passive,受身の，消極的な,adjective,6
peculiar,奇妙な,adjective,6
permanent,永久の，常設の,adjective,6
plain,簡素な，無地の／高原,adjective,6
precious,貴重な,adjective,6
precise,正確な,adjective,6
precisely,正確に,adjective,6
prime,主要な，最重要の,adjective,6
principal,第一の，主要な／校長，学長,adjective,6
profound,深い，大きな,adjective,6
racial,人種の,adjective,6
rational,理性的な,adjective,6
raw,生の，原料のままの,adjective,6
relative,相対的［比較的］な,adjective,6
reliable,頼りになる,adjective,6
remote,遠い,adjective,6
routine,いつもの／いつもの手順,adjective,6
rude,失礼な,adjective,6
satisfactory,満足のいく,adjective,6
sensible,分別［判断力］がある,adjective,6
spare,予備の／＜時間・手間＞をさく,adjective,6
spiritual,精神の，精神的な,adjective,6
steady,着実な,adjective,6
strict,厳しい，厳密な,adjective,6
subtle,微妙な,adjective,6
sufficient,十分な,adjective,6
tremendous,非常に大きな,adjective,6
tropical,熱帯（地方）の,adjective,6
ultimate,究極の,adjective,6
uncomfortable,心地の悪い,adjective,6
unexpected,予期せぬ,adjective,6
unlikely,可能性が低い,adjective,6
unpleasant,不愉快な,adjective,6
verbal,ことばの，口頭での,adjective,6
visual,視覚の，視覚的な,adjective,6
widespread,広範囲に渡る,adjective,6
aloud,声に出して,adverb,6
altogether,完全に,adverb,6
barely,かろうじて,adverb,6
commonly,一般に,adverb,6
consequently,その結果,adverb,6
deliberately,故意に,adverb,6
effectively,効果的に,adverb,6
essentially,本質的に,adverb,6
firmly,堅く，堅固に,adverb,6
increasingly,ますます,adverb,6
literally,文字通りに,adverb,6
practically,実質的に，ほとんど,adverb,6
primarily,主として,adverb,6
readily,すぐに,adverb,6
regardless,かかわらず，関係なく,adverb,6
regularly,規則的に，定期的に,adverb,6
roughly,大雑把に,adverb,6
socially,社会的に,adverb,6
steadily,着実に,adverb,6
traditionally,伝統的に,adverb,6
undoubtedly,疑いなく,adverb,6
whereas,…である一方で,other,6
beneath,…の下に,other,6
